id,name,surname,email,year_of_birth
a8421e56-0def-4893-8e8e-ae681cb38b19,Olgierd,Gabrych,gustaw39@o2.pl,1963
b784aa33-3a2a-42a8-a8cf-39933c3171b0,Julita,Jonik,skowara@yahoo.com,1976
b7c26e5a-1144-416d-88f6-7cd89d59709d,Kamil,Kuciel,oskar30@grupa.net,1993
9f4bf0af-2f6c-467c-88a4-579579115c9a,Tadeusz,Parkitny,maksymiliangolan@gmail.com,1974
6b4a2249-827a-4b74-8495-5b7dd298598a,Eliza,Malcharek,adambalawender@truchel-dudala.pl,1968
0c93b550-31e8-4c10-805e-7a1f0486c115,Malwina,Gołoś,olafklemczak@ppuh.pl,1981
5f7bf68b-23c5-4764-b66c-0bd39afcc31c,Ewelina,Bąbol,topamaciej@onet.pl,1993
ce7afb0b-8360-4644-b00a-ae4fab9778cc,Melania,Rębiś,wtrojanowicz@interia.pl,1973
a09fa1f3-bddd-44b4-b811-c630999e8da0,Dominik,Kala,bstaciwa@yahoo.com,1994
7bc7330f-3dd2-43aa-8ed2-e07d624a0d92,Franciszek,Basista,marcelgorgol@onet.pl,1977
2bdd91f6-307c-40f4-bcbb-920eeff09773,Stanisław,Kołaczek,startekhubert@interia.pl,1991
d74628cb-bd98-4226-9004-0aa304c4957c,Nicole,Rasała,tomatobiasz@o2.pl,2004
b3f4bd81-251c-4f1e-9e8b-62e2375b86a7,Blanka,Stochel,marcinturlej@fpuh.com,1964
9acc238b-56d8-42c5-924b-d8f0bb366ed5,Szymon,Woda,szymonbubel@hotmail.com,1999
ad3bb86c-7b91-4a9d-bae8-cccb363cd96a,Fryderyk,Goss,hflisiak@szmagaj-komisarczyk.com,1992
1c64d7c2-448e-4223-b422-65e585bb786b,Bruno,Fronia,ooch@onet.pl,2000
cdb02b94-530b-4ba1-9f69-f2fd24e8640c,Mariusz,Wódka,czocharamichal@stowarzyszenie.pl,1965
38cc47fa-3df2-4a13-8d8f-446e4ab92c70,Urszula,Bernard,hutnikdagmara@onet.pl,1988
2544a144-76a0-4b20-8588-aa8b77782975,Witold,Miara,angelika70@hotmail.com,2004
ee9e34e2-568f-419c-880d-7f40deb47e98,Andrzej,Kaczka,rkielek@onet.pl,1992
49c4a8ef-501f-4d48-b71b-ff9b926ed266,Adrianna,Balawender,yszczerek@fundacja.com,1962
2343fcaa-1e2c-44c8-af70-880f454ce7a5,Jędrzej,Sklorz,bieniajuliusz@saternus-opas.org,1963
ec352d1e-f8ea-4871-8f62-3265f7039e2c,Witold,Plak,iwo32@ppuh.org,1981
197bb498-ead1-4332-9479-f4e7ee79052e,Sebastian,Bondaruk,miloszbusko@wosiak-bogusiewicz.pl,1961
e849c438-5edb-44a8-89d6-aa1fb3d1adff,Krzysztof,Gorgol,dwiatrak@gmail.com,1997
c2017b00-83e7-420d-a28c-d40e2bf8e7b2,Andrzej,Wiese,stefan10@interia.pl,2005
11c9a586-8534-4afd-b3ad-68e154b4cee9,Artur,Wąsiewicz,surdelmalwina@gmail.com,1988
3b22f2cc-f115-4d1b-833f-048a6f73b2a4,Przemysław,Styrna,rkoniecko@o2.pl,1984
cee8a5e2-eedb-4d93-b032-de31ef5ac27a,Apolonia,Ostręga,robert67@yahoo.com,1989
7c64e8f6-70fa-4e41-bd02-a9c017e43008,Maks,Dietrich,gsolis@huber.pl,1964
